date,series_id,category,value
2015-01-01,CUSR0000SEFC,Cereals & bakery,325.728
2015-02-01,CUSR0000SEFC,Cereals & bakery,326.521
2015-03-01,CUSR0000SEFC,Cereals & bakery,324.972
2015-04-01,CUSR0000SEFC,Cereals & bakery,325.895
2015-05-01,CUSR0000SEFC,Cereals & bakery,324.713
2015-06-01,CUSR0000SEFC,Cereals & bakery,325.447
2015-07-01,CUSR0000SEFC,Cereals & bakery,324.516
2015-08-01,CUSR0000SEFC,Cereals & bakery,322.202
2015-09-01,CUSR0000SEFC,Cereals & bakery,321.693
2015-10-01,CUSR0000SEFC,Cereals & bakery,320.252
2015-11-01,CUSR0000SEFC,Cereals & bakery,316.47
2015-12-01,CUSR0000SEFC,Cereals & bakery,311.309
2016-01-01,CUSR0000SEFC,Cereals & bakery,308.935
2016-02-01,CUSR0000SEFC,Cereals & bakery,308.063
2016-03-01,CUSR0000SEFC,Cereals & bakery,309.055
2016-04-01,CUSR0000SEFC,Cereals & bakery,306.75
2016-05-01,CUSR0000SEFC,Cereals & bakery,305.881
2016-06-01,CUSR0000SEFC,Cereals & bakery,302.151
2016-07-01,CUSR0000SEFC,Cereals & bakery,298.516
2016-08-01,CUSR0000SEFC,Cereals & bakery,298.958
2016-09-01,CUSR0000SEFC,Cereals & bakery,298.498
2016-10-01,CUSR0000SEFC,Cereals & bakery,296.83
2016-11-01,CUSR0000SEFC,Cereals & bakery,296.559
2016-12-01,CUSR0000SEFC,Cereals & bakery,294.845
2017-01-01,CUSR0000SEFC,Cereals & bakery,294.679
2017-02-01,CUSR0000SEFC,Cereals & bakery,295.794
2017-03-01,CUSR0000SEFC,Cereals & bakery,295.12
2017-04-01,CUSR0000SEFC,Cereals & bakery,294.774
2017-05-01,CUSR0000SEFC,Cereals & bakery,293.8
2017-06-01,CUSR0000SEFC,Cereals & bakery,298.839
2017-07-01,CUSR0000SEFC,Cereals & bakery,301.852
2017-08-01,CUSR0000SEFC,Cereals & bakery,301.58
2017-09-01,CUSR0000SEFC,Cereals & bakery,299.336
2017-10-01,CUSR0000SEFC,Cereals & bakery,298.849
2017-11-01,CUSR0000SEFC,Cereals & bakery,300.632
2017-12-01,CUSR0000SEFC,Cereals & bakery,305.23
2018-01-01,CUSR0000SEFC,Cereals & bakery,302.074
2018-02-01,CUSR0000SEFC,Cereals & bakery,301.812
2018-03-01,CUSR0000SEFC,Cereals & bakery,302.528
2018-04-01,CUSR0000SEFC,Cereals & bakery,305.031
2018-05-01,CUSR0000SEFC,Cereals & bakery,300.17
2018-06-01,CUSR0000SEFC,Cereals & bakery,301.45
2018-07-01,CUSR0000SEFC,Cereals & bakery,303.141
2018-08-01,CUSR0000SEFC,Cereals & bakery,303.746
2018-09-01,CUSR0000SEFC,Cereals & bakery,303.114
2018-10-01,CUSR0000SEFC,Cereals & bakery,301.958
2018-11-01,CUSR0000SEFC,Cereals & bakery,302.845
2018-12-01,CUSR0000SEFC,Cereals & bakery,303.113
2019-01-01,CUSR0000SEFC,Cereals & bakery,305.967
2019-02-01,CUSR0000SEFC,Cereals & bakery,306.685
2019-03-01,CUSR0000SEFC,Cereals & bakery,306.42
2019-04-01,CUSR0000SEFC,Cereals & bakery,305.495
2019-05-01,CUSR0000SEFC,Cereals & bakery,307.292
2019-06-01,CUSR0000SEFC,Cereals & bakery,304.075
2019-07-01,CUSR0000SEFC,Cereals & bakery,305.134
2019-08-01,CUSR0000SEFC,Cereals & bakery,304.428
2019-09-01,CUSR0000SEFC,Cereals & bakery,306.197
2019-10-01,CUSR0000SEFC,Cereals & bakery,308.594
2019-11-01,CUSR0000SEFC,Cereals & bakery,310.854
2019-12-01,CUSR0000SEFC,Cereals & bakery,316.987
2020-01-01,CUSR0000SEFC,Cereals & bakery,317.273
2020-02-01,CUSR0000SEFC,Cereals & bakery,318.882
2020-03-01,CUSR0000SEFC,Cereals & bakery,318.443
2020-04-01,CUSR0000SEFC,Cereals & bakery,328.645
2020-05-01,CUSR0000SEFC,Cereals & bakery,363.942
2020-06-01,CUSR0000SEFC,Cereals & bakery,381.453
2020-07-01,CUSR0000SEFC,Cereals & bakery,348.9
2020-08-01,CUSR0000SEFC,Cereals & bakery,333.654
2020-09-01,CUSR0000SEFC,Cereals & bakery,331.09
2020-10-01,CUSR0000SEFC,Cereals & bakery,331.659
2020-11-01,CUSR0000SEFC,Cereals & bakery,333.856
2020-12-01,CUSR0000SEFC,Cereals & bakery,333.528
2021-01-01,CUSR0000SEFC,Cereals & bakery,337.142
2021-02-01,CUSR0000SEFC,Cereals & bakery,340.0
2021-03-01,CUSR0000SEFC,Cereals & bakery,341.47
2021-04-01,CUSR0000SEFC,Cereals & bakery,343.072
2021-05-01,CUSR0000SEFC,Cereals & bakery,354.782
2021-06-01,CUSR0000SEFC,Cereals & bakery,371.856
2021-07-01,CUSR0000SEFC,Cereals & bakery,371.744
2021-08-01,CUSR0000SEFC,Cereals & bakery,374.273
2021-09-01,CUSR0000SEFC,Cereals & bakery,388.557
2021-10-01,CUSR0000SEFC,Cereals & bakery,397.293
2021-11-01,CUSR0000SEFC,Cereals & bakery,402.836
2021-12-01,CUSR0000SEFC,Cereals & bakery,395.46
2022-01-01,CUSR0000SEFC,Cereals & bakery,390.96
2022-02-01,CUSR0000SEFC,Cereals & bakery,394.802
2022-03-01,CUSR0000SEFC,Cereals & bakery,396.707
2022-04-01,CUSR0000SEFC,Cereals & bakery,393.272
2022-05-01,CUSR0000SEFC,Cereals & bakery,391.694
2022-06-01,CUSR0000SEFC,Cereals & bakery,387.876
2022-07-01,CUSR0000SEFC,Cereals & bakery,384.544
2022-08-01,CUSR0000SEFC,Cereals & bakery,383.581
2022-09-01,CUSR0000SEFC,Cereals & bakery,383.714
2022-10-01,CUSR0000SEFC,Cereals & bakery,382.21
2022-11-01,CUSR0000SEFC,Cereals & bakery,381.033
2022-12-01,CUSR0000SEFC,Cereals & bakery,382.823
2023-01-01,CUSR0000SEFC,Cereals & bakery,386.309
2023-02-01,CUSR0000SEFC,Cereals & bakery,389.252
2023-03-01,CUSR0000SEFC,Cereals & bakery,389.482
2023-04-01,CUSR0000SEFC,Cereals & bakery,391.984
2023-05-01,CUSR0000SEFC,Cereals & bakery,396.145
2023-06-01,CUSR0000SEFC,Cereals & bakery,398.9
2023-07-01,CUSR0000SEFC,Cereals & bakery,404.999
2023-08-01,CUSR0000SEFC,Cereals & bakery,407.649
2023-09-01,CUSR0000SEFC,Cereals & bakery,409.949
2023-10-01,CUSR0000SEFC,Cereals & bakery,416.164
2023-11-01,CUSR0000SEFC,Cereals & bakery,413.612
2023-12-01,CUSR0000SEFC,Cereals & bakery,415.87
2024-01-01,CUSR0000SEFC,Cereals & bakery,416.159
2024-02-01,CUSR0000SEFC,Cereals & bakery,417.692
2024-03-01,CUSR0000SEFC,Cereals & bakery,419.083
2024-04-01,CUSR0000SEFC,Cereals & bakery,419.874
2024-05-01,CUSR0000SEFC,Cereals & bakery,418.993
2024-06-01,CUSR0000SEFC,Cereals & bakery,419.8
2024-07-01,CUSR0000SEFC,Cereals & bakery,423.325
2024-08-01,CUSR0000SEFC,Cereals & bakery,424.636
2024-09-01,CUSR0000SEFC,Cereals & bakery,426.9
2024-10-01,CUSR0000SEFC,Cereals & bakery,424.183
2024-11-01,CUSR0000SEFC,Cereals & bakery,434.015
2024-12-01,CUSR0000SEFC,Cereals & bakery,435.739
2015-01-01,CUSR0000SEFP,Dairy,121.206
2015-02-01,CUSR0000SEFP,Dairy,121.375
2015-03-01,CUSR0000SEFP,Dairy,121.028
2015-04-01,CUSR0000SEFP,Dairy,121.208
2015-05-01,CUSR0000SEFP,Dairy,119.916
2015-06-01,CUSR0000SEFP,Dairy,120.276
2015-07-01,CUSR0000SEFP,Dairy,120.723
2015-08-01,CUSR0000SEFP,Dairy,120.583
2015-09-01,CUSR0000SEFP,Dairy,119.73
2015-10-01,CUSR0000SEFP,Dairy,119.608
2015-11-01,CUSR0000SEFP,Dairy,119.123
2015-12-01,CUSR0000SEFP,Dairy,119.636
2016-01-01,CUSR0000SEFP,Dairy,119.68
2016-02-01,CUSR0000SEFP,Dairy,119.392
2016-03-01,CUSR0000SEFP,Dairy,118.543
2016-04-01,CUSR0000SEFP,Dairy,118.722
2016-05-01,CUSR0000SEFP,Dairy,118.646
2016-06-01,CUSR0000SEFP,Dairy,118.003
2016-07-01,CUSR0000SEFP,Dairy,117.913
2016-08-01,CUSR0000SEFP,Dairy,117.824
2016-09-01,CUSR0000SEFP,Dairy,118.107
2016-10-01,CUSR0000SEFP,Dairy,117.556
2016-11-01,CUSR0000SEFP,Dairy,118.24
2016-12-01,CUSR0000SEFP,Dairy,117.513
2017-01-01,CUSR0000SEFP,Dairy,117.654
2017-02-01,CUSR0000SEFP,Dairy,119.191
2017-03-01,CUSR0000SEFP,Dairy,118.564
2017-04-01,CUSR0000SEFP,Dairy,118.761
2017-05-01,CUSR0000SEFP,Dairy,119.068
2017-06-01,CUSR0000SEFP,Dairy,118.641
2017-07-01,CUSR0000SEFP,Dairy,118.451
2017-08-01,CUSR0000SEFP,Dairy,116.643
2017-09-01,CUSR0000SEFP,Dairy,117.734
2017-10-01,CUSR0000SEFP,Dairy,118.475
2017-11-01,CUSR0000SEFP,Dairy,117.288
2017-12-01,CUSR0000SEFP,Dairy,118.951
2018-01-01,CUSR0000SEFP,Dairy,117.171
2018-02-01,CUSR0000SEFP,Dairy,116.733
2018-03-01,CUSR0000SEFP,Dairy,117.221
2018-04-01,CUSR0000SEFP,Dairy,116.37
2018-05-01,CUSR0000SEFP,Dairy,116.293
2018-06-01,CUSR0000SEFP,Dairy,115.998
2018-07-01,CUSR0000SEFP,Dairy,116.593
2018-08-01,CUSR0000SEFP,Dairy,116.471
2018-09-01,CUSR0000SEFP,Dairy,116.664
2018-10-01,CUSR0000SEFP,Dairy,116.981
2018-11-01,CUSR0000SEFP,Dairy,116.667
2018-12-01,CUSR0000SEFP,Dairy,117.249
2019-01-01,CUSR0000SEFP,Dairy,116.689
2019-02-01,CUSR0000SEFP,Dairy,116.592
2019-03-01,CUSR0000SEFP,Dairy,116.211
2019-04-01,CUSR0000SEFP,Dairy,116.337
2019-05-01,CUSR0000SEFP,Dairy,116.315
2019-06-01,CUSR0000SEFP,Dairy,116.777
2019-07-01,CUSR0000SEFP,Dairy,116.73
2019-08-01,CUSR0000SEFP,Dairy,116.547
2019-09-01,CUSR0000SEFP,Dairy,116.607
2019-10-01,CUSR0000SEFP,Dairy,116.17
2019-11-01,CUSR0000SEFP,Dairy,117.769
2019-12-01,CUSR0000SEFP,Dairy,116.015
2020-01-01,CUSR0000SEFP,Dairy,115.879
2020-02-01,CUSR0000SEFP,Dairy,116.678
2020-03-01,CUSR0000SEFP,Dairy,117.494
2020-04-01,CUSR0000SEFP,Dairy,118.663
2020-05-01,CUSR0000SEFP,Dairy,117.924
2020-06-01,CUSR0000SEFP,Dairy,118.403
2020-07-01,CUSR0000SEFP,Dairy,117.604
2020-08-01,CUSR0000SEFP,Dairy,118.086
2020-09-01,CUSR0000SEFP,Dairy,117.829
2020-10-01,CUSR0000SEFP,Dairy,118.186
2020-11-01,CUSR0000SEFP,Dairy,117.496
2020-12-01,CUSR0000SEFP,Dairy,118.903
2021-01-01,CUSR0000SEFP,Dairy,118.969
2021-02-01,CUSR0000SEFP,Dairy,118.483
2021-03-01,CUSR0000SEFP,Dairy,118.596
2021-04-01,CUSR0000SEFP,Dairy,118.65
2021-05-01,CUSR0000SEFP,Dairy,118.803
2021-06-01,CUSR0000SEFP,Dairy,119.686
2021-07-01,CUSR0000SEFP,Dairy,119.387
2021-08-01,CUSR0000SEFP,Dairy,120.859
2021-09-01,CUSR0000SEFP,Dairy,121.881
2021-10-01,CUSR0000SEFP,Dairy,123.549
2021-11-01,CUSR0000SEFP,Dairy,123.552
2021-12-01,CUSR0000SEFP,Dairy,123.615
2022-01-01,CUSR0000SEFP,Dairy,125.871
2022-02-01,CUSR0000SEFP,Dairy,127.83
2022-03-01,CUSR0000SEFP,Dairy,129.082
2022-04-01,CUSR0000SEFP,Dairy,131.842
2022-05-01,CUSR0000SEFP,Dairy,133.566
2022-06-01,CUSR0000SEFP,Dairy,134.525
2022-07-01,CUSR0000SEFP,Dairy,138.286
2022-08-01,CUSR0000SEFP,Dairy,137.979
2022-09-01,CUSR0000SEFP,Dairy,138.29
2022-10-01,CUSR0000SEFP,Dairy,139.428
2022-11-01,CUSR0000SEFP,Dairy,140.354
2022-12-01,CUSR0000SEFP,Dairy,140.75
2023-01-01,CUSR0000SEFP,Dairy,141.598
2023-02-01,CUSR0000SEFP,Dairy,142.162
2023-03-01,CUSR0000SEFP,Dairy,142.429
2023-04-01,CUSR0000SEFP,Dairy,141.41
2023-05-01,CUSR0000SEFP,Dairy,141.539
2023-06-01,CUSR0000SEFP,Dairy,141.696
2023-07-01,CUSR0000SEFP,Dairy,141.965
2023-08-01,CUSR0000SEFP,Dairy,141.617
2023-09-01,CUSR0000SEFP,Dairy,142.582
2023-10-01,CUSR0000SEFP,Dairy,141.931
2023-11-01,CUSR0000SEFP,Dairy,141.899
2023-12-01,CUSR0000SEFP,Dairy,141.148
2024-01-01,CUSR0000SEFP,Dairy,141.75
2024-02-01,CUSR0000SEFP,Dairy,141.657
2024-03-01,CUSR0000SEFP,Dairy,141.376
2024-04-01,CUSR0000SEFP,Dairy,141.312
2024-05-01,CUSR0000SEFP,Dairy,141.41
2024-06-01,CUSR0000SEFP,Dairy,141.767
2024-07-01,CUSR0000SEFP,Dairy,142.387
2024-08-01,CUSR0000SEFP,Dairy,141.897
2024-09-01,CUSR0000SEFP,Dairy,142.855
2024-10-01,CUSR0000SEFP,Dairy,143.44
2024-11-01,CUSR0000SEFP,Dairy,144.909
2024-12-01,CUSR0000SEFP,Dairy,146.032
2015-01-01,CUSR0000SAF1,Food (all),246.197
2015-02-01,CUSR0000SAF1,Food (all),246.495
2015-03-01,CUSR0000SAF1,Food (all),246.072
2015-04-01,CUSR0000SAF1,Food (all),246.002
2015-05-01,CUSR0000SAF1,Food (all),246.239
2015-06-01,CUSR0000SAF1,Food (all),246.937
2015-07-01,CUSR0000SAF1,Food (all),247.157
2015-08-01,CUSR0000SAF1,Food (all),247.742
2015-09-01,CUSR0000SAF1,Food (all),248.492
2015-10-01,CUSR0000SAF1,Food (all),248.755
2015-11-01,CUSR0000SAF1,Food (all),248.525
2015-12-01,CUSR0000SAF1,Food (all),248.206
2016-01-01,CUSR0000SAF1,Food (all),248.353
2016-02-01,CUSR0000SAF1,Food (all),248.606
2016-03-01,CUSR0000SAF1,Food (all),248.029
2016-04-01,CUSR0000SAF1,Food (all),248.235
2016-05-01,CUSR0000SAF1,Food (all),247.856
2016-06-01,CUSR0000SAF1,Food (all),247.683
2016-07-01,CUSR0000SAF1,Food (all),247.658
2016-08-01,CUSR0000SAF1,Food (all),247.746
2016-09-01,CUSR0000SAF1,Food (all),247.772
2016-10-01,CUSR0000SAF1,Food (all),247.812
2016-11-01,CUSR0000SAF1,Food (all),247.741
2016-12-01,CUSR0000SAF1,Food (all),247.725
2017-01-01,CUSR0000SAF1,Food (all),248.065
2017-02-01,CUSR0000SAF1,Food (all),248.735
2017-03-01,CUSR0000SAF1,Food (all),249.244
2017-04-01,CUSR0000SAF1,Food (all),249.589
2017-05-01,CUSR0000SAF1,Food (all),249.972
2017-06-01,CUSR0000SAF1,Food (all),249.77
2017-07-01,CUSR0000SAF1,Food (all),250.185
2017-08-01,CUSR0000SAF1,Food (all),250.469
2017-09-01,CUSR0000SAF1,Food (all),250.826
2017-10-01,CUSR0000SAF1,Food (all),251.048
2017-11-01,CUSR0000SAF1,Food (all),251.195
2017-12-01,CUSR0000SAF1,Food (all),251.716
2018-01-01,CUSR0000SAF1,Food (all),252.377
2018-02-01,CUSR0000SAF1,Food (all),252.264
2018-03-01,CUSR0000SAF1,Food (all),252.365
2018-04-01,CUSR0000SAF1,Food (all),252.867
2018-05-01,CUSR0000SAF1,Food (all),252.864
2018-06-01,CUSR0000SAF1,Food (all),253.167
2018-07-01,CUSR0000SAF1,Food (all),253.598
2018-08-01,CUSR0000SAF1,Food (all),253.949
2018-09-01,CUSR0000SAF1,Food (all),254.302
2018-10-01,CUSR0000SAF1,Food (all),254.17
2018-11-01,CUSR0000SAF1,Food (all),254.887
2018-12-01,CUSR0000SAF1,Food (all),255.877
2019-01-01,CUSR0000SAF1,Food (all),256.533
2019-02-01,CUSR0000SAF1,Food (all),257.253
2019-03-01,CUSR0000SAF1,Food (all),257.681
2019-04-01,CUSR0000SAF1,Food (all),257.325
2019-05-01,CUSR0000SAF1,Food (all),257.818
2019-06-01,CUSR0000SAF1,Food (all),257.952
2019-07-01,CUSR0000SAF1,Food (all),258.059
2019-08-01,CUSR0000SAF1,Food (all),258.288
2019-09-01,CUSR0000SAF1,Food (all),258.865
2019-10-01,CUSR0000SAF1,Food (all),259.434
2019-11-01,CUSR0000SAF1,Food (all),260.048
2019-12-01,CUSR0000SAF1,Food (all),260.483
2020-01-01,CUSR0000SAF1,Food (all),261.293
2020-02-01,CUSR0000SAF1,Food (all),261.962
2020-03-01,CUSR0000SAF1,Food (all),262.622
2020-04-01,CUSR0000SAF1,Food (all),266.37
2020-05-01,CUSR0000SAF1,Food (all),268.086
2020-06-01,CUSR0000SAF1,Food (all),269.553
2020-07-01,CUSR0000SAF1,Food (all),268.532
2020-08-01,CUSR0000SAF1,Food (all),268.957
2020-09-01,CUSR0000SAF1,Food (all),269.043
2020-10-01,CUSR0000SAF1,Food (all),269.653
2020-11-01,CUSR0000SAF1,Food (all),269.636
2020-12-01,CUSR0000SAF1,Food (all),270.781
2021-01-01,CUSR0000SAF1,Food (all),271.223
2021-02-01,CUSR0000SAF1,Food (all),271.498
2021-03-01,CUSR0000SAF1,Food (all),271.756
2021-04-01,CUSR0000SAF1,Food (all),272.761
2021-05-01,CUSR0000SAF1,Food (all),273.89
2021-06-01,CUSR0000SAF1,Food (all),276.002
2021-07-01,CUSR0000SAF1,Food (all),277.759
2021-08-01,CUSR0000SAF1,Food (all),278.985
2021-09-01,CUSR0000SAF1,Food (all),281.299
2021-10-01,CUSR0000SAF1,Food (all),283.972
2021-11-01,CUSR0000SAF1,Food (all),286.057
2021-12-01,CUSR0000SAF1,Food (all),287.798
2022-01-01,CUSR0000SAF1,Food (all),290.144
2022-02-01,CUSR0000SAF1,Food (all),292.978
2022-03-01,CUSR0000SAF1,Food (all),295.713
2022-04-01,CUSR0000SAF1,Food (all),298.363
2022-05-01,CUSR0000SAF1,Food (all),301.684
2022-06-01,CUSR0000SAF1,Food (all),304.845
2022-07-01,CUSR0000SAF1,Food (all),308.083
2022-08-01,CUSR0000SAF1,Food (all),310.739
2022-09-01,CUSR0000SAF1,Food (all),312.835
2022-10-01,CUSR0000SAF1,Food (all),315.023
2022-11-01,CUSR0000SAF1,Food (all),316.5
2022-12-01,CUSR0000SAF1,Food (all),317.798
2023-01-01,CUSR0000SAF1,Food (all),319.421
2023-02-01,CUSR0000SAF1,Food (all),320.651
2023-03-01,CUSR0000SAF1,Food (all),320.797
2023-04-01,CUSR0000SAF1,Food (all),321.209
2023-05-01,CUSR0000SAF1,Food (all),321.933
2023-06-01,CUSR0000SAF1,Food (all),322.406
2023-07-01,CUSR0000SAF1,Food (all),323.046
2023-08-01,CUSR0000SAF1,Food (all),323.957
2023-09-01,CUSR0000SAF1,Food (all),324.332
2023-10-01,CUSR0000SAF1,Food (all),325.424
2023-11-01,CUSR0000SAF1,Food (all),325.808
2023-12-01,CUSR0000SAF1,Food (all),326.442
2024-01-01,CUSR0000SAF1,Food (all),327.575
2024-02-01,CUSR0000SAF1,Food (all),327.803
2024-03-01,CUSR0000SAF1,Food (all),328.004
2024-04-01,CUSR0000SAF1,Food (all),328.413
2024-05-01,CUSR0000SAF1,Food (all),328.864
2024-06-01,CUSR0000SAF1,Food (all),329.651
2024-07-01,CUSR0000SAF1,Food (all),330.142
2024-08-01,CUSR0000SAF1,Food (all),330.644
2024-09-01,CUSR0000SAF1,Food (all),331.716
2024-10-01,CUSR0000SAF1,Food (all),332.418
2024-11-01,CUSR0000SAF1,Food (all),333.492
2024-12-01,CUSR0000SAF1,Food (all),334.456
2015-01-01,CUSR0000SEFR,Fruits & vegetables,214.024
2015-02-01,CUSR0000SEFR,Fruits & vegetables,216.65
2015-03-01,CUSR0000SEFR,Fruits & vegetables,216.216
2015-04-01,CUSR0000SEFR,Fruits & vegetables,214.157
2015-05-01,CUSR0000SEFR,Fruits & vegetables,216.413
2015-06-01,CUSR0000SEFR,Fruits & vegetables,215.925
2015-07-01,CUSR0000SEFR,Fruits & vegetables,216.926
2015-08-01,CUSR0000SEFR,Fruits & vegetables,217.194
2015-09-01,CUSR0000SEFR,Fruits & vegetables,218.193
2015-10-01,CUSR0000SEFR,Fruits & vegetables,216.697
2015-11-01,CUSR0000SEFR,Fruits & vegetables,215.569
2015-12-01,CUSR0000SEFR,Fruits & vegetables,215.451
2016-01-01,CUSR0000SEFR,Fruits & vegetables,215.261
2016-02-01,CUSR0000SEFR,Fruits & vegetables,215.325
2016-03-01,CUSR0000SEFR,Fruits & vegetables,215.343
2016-04-01,CUSR0000SEFR,Fruits & vegetables,216.681
2016-05-01,CUSR0000SEFR,Fruits & vegetables,215.596
2016-06-01,CUSR0000SEFR,Fruits & vegetables,215.527
2016-07-01,CUSR0000SEFR,Fruits & vegetables,215.47
2016-08-01,CUSR0000SEFR,Fruits & vegetables,215.865
2016-09-01,CUSR0000SEFR,Fruits & vegetables,216.173
2016-10-01,CUSR0000SEFR,Fruits & vegetables,214.893
2016-11-01,CUSR0000SEFR,Fruits & vegetables,213.867
2016-12-01,CUSR0000SEFR,Fruits & vegetables,213.943
2017-01-01,CUSR0000SEFR,Fruits & vegetables,214.976
2017-02-01,CUSR0000SEFR,Fruits & vegetables,213.745
2017-03-01,CUSR0000SEFR,Fruits & vegetables,214.636
2017-04-01,CUSR0000SEFR,Fruits & vegetables,214.014
2017-05-01,CUSR0000SEFR,Fruits & vegetables,214.418
2017-06-01,CUSR0000SEFR,Fruits & vegetables,215.648
2017-07-01,CUSR0000SEFR,Fruits & vegetables,216.592
2017-08-01,CUSR0000SEFR,Fruits & vegetables,216.24
2017-09-01,CUSR0000SEFR,Fruits & vegetables,215.8
2017-10-01,CUSR0000SEFR,Fruits & vegetables,214.78
2017-11-01,CUSR0000SEFR,Fruits & vegetables,214.994
2017-12-01,CUSR0000SEFR,Fruits & vegetables,214.975
2018-01-01,CUSR0000SEFR,Fruits & vegetables,217.689
2018-02-01,CUSR0000SEFR,Fruits & vegetables,217.059
2018-03-01,CUSR0000SEFR,Fruits & vegetables,217.177
2018-04-01,CUSR0000SEFR,Fruits & vegetables,215.453
2018-05-01,CUSR0000SEFR,Fruits & vegetables,215.44
2018-06-01,CUSR0000SEFR,Fruits & vegetables,215.968
2018-07-01,CUSR0000SEFR,Fruits & vegetables,214.285
2018-08-01,CUSR0000SEFR,Fruits & vegetables,214.046
2018-09-01,CUSR0000SEFR,Fruits & vegetables,216.771
2018-10-01,CUSR0000SEFR,Fruits & vegetables,215.318
2018-11-01,CUSR0000SEFR,Fruits & vegetables,216.037
2018-12-01,CUSR0000SEFR,Fruits & vegetables,214.957
2019-01-01,CUSR0000SEFR,Fruits & vegetables,217.745
2019-02-01,CUSR0000SEFR,Fruits & vegetables,218.293
2019-03-01,CUSR0000SEFR,Fruits & vegetables,220.618
2019-04-01,CUSR0000SEFR,Fruits & vegetables,217.498
2019-05-01,CUSR0000SEFR,Fruits & vegetables,217.744
2019-06-01,CUSR0000SEFR,Fruits & vegetables,220.473
2019-07-01,CUSR0000SEFR,Fruits & vegetables,219.552
2019-08-01,CUSR0000SEFR,Fruits & vegetables,219.893
2019-09-01,CUSR0000SEFR,Fruits & vegetables,223.481
2019-10-01,CUSR0000SEFR,Fruits & vegetables,223.642
2019-11-01,CUSR0000SEFR,Fruits & vegetables,223.429
2019-12-01,CUSR0000SEFR,Fruits & vegetables,220.581
2020-01-01,CUSR0000SEFR,Fruits & vegetables,224.796
2020-02-01,CUSR0000SEFR,Fruits & vegetables,224.16
2020-03-01,CUSR0000SEFR,Fruits & vegetables,225.805
2020-04-01,CUSR0000SEFR,Fruits & vegetables,227.755
2020-05-01,CUSR0000SEFR,Fruits & vegetables,229.24
2020-06-01,CUSR0000SEFR,Fruits & vegetables,226.922
2020-07-01,CUSR0000SEFR,Fruits & vegetables,225.532
2020-08-01,CUSR0000SEFR,Fruits & vegetables,227.252
2020-09-01,CUSR0000SEFR,Fruits & vegetables,227.855
2020-10-01,CUSR0000SEFR,Fruits & vegetables,230.092
2020-11-01,CUSR0000SEFR,Fruits & vegetables,230.249
2020-12-01,CUSR0000SEFR,Fruits & vegetables,231.476
2021-01-01,CUSR0000SEFR,Fruits & vegetables,231.039
2021-02-01,CUSR0000SEFR,Fruits & vegetables,230.689
2021-03-01,CUSR0000SEFR,Fruits & vegetables,231.918
2021-04-01,CUSR0000SEFR,Fruits & vegetables,232.377
2021-05-01,CUSR0000SEFR,Fruits & vegetables,234.001
2021-06-01,CUSR0000SEFR,Fruits & vegetables,232.917
2021-07-01,CUSR0000SEFR,Fruits & vegetables,233.973
2021-08-01,CUSR0000SEFR,Fruits & vegetables,234.399
2021-09-01,CUSR0000SEFR,Fruits & vegetables,234.302
2021-10-01,CUSR0000SEFR,Fruits & vegetables,235.592
2021-11-01,CUSR0000SEFR,Fruits & vegetables,239.128
2021-12-01,CUSR0000SEFR,Fruits & vegetables,242.029
2022-01-01,CUSR0000SEFR,Fruits & vegetables,243.621
2022-02-01,CUSR0000SEFR,Fruits & vegetables,246.885
2022-03-01,CUSR0000SEFR,Fruits & vegetables,250.555
2022-04-01,CUSR0000SEFR,Fruits & vegetables,250.993
2022-05-01,CUSR0000SEFR,Fruits & vegetables,252.863
2022-06-01,CUSR0000SEFR,Fruits & vegetables,254.869
2022-07-01,CUSR0000SEFR,Fruits & vegetables,260.703
2022-08-01,CUSR0000SEFR,Fruits & vegetables,264.198
2022-09-01,CUSR0000SEFR,Fruits & vegetables,267.962
2022-10-01,CUSR0000SEFR,Fruits & vegetables,270.652
2022-11-01,CUSR0000SEFR,Fruits & vegetables,270.434
2022-12-01,CUSR0000SEFR,Fruits & vegetables,271.606
2023-01-01,CUSR0000SEFR,Fruits & vegetables,273.782
2023-02-01,CUSR0000SEFR,Fruits & vegetables,275.701
2023-03-01,CUSR0000SEFR,Fruits & vegetables,275.641
2023-04-01,CUSR0000SEFR,Fruits & vegetables,277.238
2023-05-01,CUSR0000SEFR,Fruits & vegetables,278.769
2023-06-01,CUSR0000SEFR,Fruits & vegetables,282.858
2023-07-01,CUSR0000SEFR,Fruits & vegetables,284.009
2023-08-01,CUSR0000SEFR,Fruits & vegetables,285.246
2023-09-01,CUSR0000SEFR,Fruits & vegetables,285.37
2023-10-01,CUSR0000SEFR,Fruits & vegetables,284.755
2023-11-01,CUSR0000SEFR,Fruits & vegetables,285.104
2023-12-01,CUSR0000SEFR,Fruits & vegetables,285.7
2024-01-01,CUSR0000SEFR,Fruits & vegetables,285.985
2024-02-01,CUSR0000SEFR,Fruits & vegetables,289.108
2024-03-01,CUSR0000SEFR,Fruits & vegetables,287.477
2024-04-01,CUSR0000SEFR,Fruits & vegetables,289.151
2024-05-01,CUSR0000SEFR,Fruits & vegetables,289.748
2024-06-01,CUSR0000SEFR,Fruits & vegetables,288.659
2024-07-01,CUSR0000SEFR,Fruits & vegetables,289.043
2024-08-01,CUSR0000SEFR,Fruits & vegetables,290.539
2024-09-01,CUSR0000SEFR,Fruits & vegetables,287.82
2024-10-01,CUSR0000SEFR,Fruits & vegetables,291.112
2024-11-01,CUSR0000SEFR,Fruits & vegetables,292.529
2024-12-01,CUSR0000SEFR,Fruits & vegetables,294.529
2015-01-01,CUSR0000SEFJ,"Meats, poultry, fish, eggs",226.065
2015-02-01,CUSR0000SEFJ,"Meats, poultry, fish, eggs",224.929
2015-03-01,CUSR0000SEFJ,"Meats, poultry, fish, eggs",224.214
2015-04-01,CUSR0000SEFJ,"Meats, poultry, fish, eggs",222.912
2015-05-01,CUSR0000SEFJ,"Meats, poultry, fish, eggs",222.333
2015-06-01,CUSR0000SEFJ,"Meats, poultry, fish, eggs",221.849
2015-07-01,CUSR0000SEFJ,"Meats, poultry, fish, eggs",222.965
2015-08-01,CUSR0000SEFJ,"Meats, poultry, fish, eggs",221.436
2015-09-01,CUSR0000SEFJ,"Meats, poultry, fish, eggs",221.947
2015-10-01,CUSR0000SEFJ,"Meats, poultry, fish, eggs",220.736
2015-11-01,CUSR0000SEFJ,"Meats, poultry, fish, eggs",219.848
2015-12-01,CUSR0000SEFJ,"Meats, poultry, fish, eggs",219.897
2016-01-01,CUSR0000SEFJ,"Meats, poultry, fish, eggs",219.359
2016-02-01,CUSR0000SEFJ,"Meats, poultry, fish, eggs",219.126
2016-03-01,CUSR0000SEFJ,"Meats, poultry, fish, eggs",217.77
2016-04-01,CUSR0000SEFJ,"Meats, poultry, fish, eggs",218.297
2016-05-01,CUSR0000SEFJ,"Meats, poultry, fish, eggs",217.117
2016-06-01,CUSR0000SEFJ,"Meats, poultry, fish, eggs",216.471
2016-07-01,CUSR0000SEFJ,"Meats, poultry, fish, eggs",216.112
2016-08-01,CUSR0000SEFJ,"Meats, poultry, fish, eggs",216.02
2016-09-01,CUSR0000SEFJ,"Meats, poultry, fish, eggs",216.501
2016-10-01,CUSR0000SEFJ,"Meats, poultry, fish, eggs",217.392
2016-11-01,CUSR0000SEFJ,"Meats, poultry, fish, eggs",216.479
2016-12-01,CUSR0000SEFJ,"Meats, poultry, fish, eggs",217.1
2017-01-01,CUSR0000SEFJ,"Meats, poultry, fish, eggs",218.351
2017-02-01,CUSR0000SEFJ,"Meats, poultry, fish, eggs",220.167
2017-03-01,CUSR0000SEFJ,"Meats, poultry, fish, eggs",218.236
2017-04-01,CUSR0000SEFJ,"Meats, poultry, fish, eggs",217.821
2017-05-01,CUSR0000SEFJ,"Meats, poultry, fish, eggs",217.826
2017-06-01,CUSR0000SEFJ,"Meats, poultry, fish, eggs",216.676
2017-07-01,CUSR0000SEFJ,"Meats, poultry, fish, eggs",217.766
2017-08-01,CUSR0000SEFJ,"Meats, poultry, fish, eggs",217.08
2017-09-01,CUSR0000SEFJ,"Meats, poultry, fish, eggs",216.371
2017-10-01,CUSR0000SEFJ,"Meats, poultry, fish, eggs",216.341
2017-11-01,CUSR0000SEFJ,"Meats, poultry, fish, eggs",216.678
2017-12-01,CUSR0000SEFJ,"Meats, poultry, fish, eggs",216.172
2018-01-01,CUSR0000SEFJ,"Meats, poultry, fish, eggs",216.779
2018-02-01,CUSR0000SEFJ,"Meats, poultry, fish, eggs",216.262
2018-03-01,CUSR0000SEFJ,"Meats, poultry, fish, eggs",216.295
2018-04-01,CUSR0000SEFJ,"Meats, poultry, fish, eggs",216.617
2018-05-01,CUSR0000SEFJ,"Meats, poultry, fish, eggs",216.09
2018-06-01,CUSR0000SEFJ,"Meats, poultry, fish, eggs",216.869
2018-07-01,CUSR0000SEFJ,"Meats, poultry, fish, eggs",216.367
2018-08-01,CUSR0000SEFJ,"Meats, poultry, fish, eggs",216.654
2018-09-01,CUSR0000SEFJ,"Meats, poultry, fish, eggs",216.496
2018-10-01,CUSR0000SEFJ,"Meats, poultry, fish, eggs",216.317
2018-11-01,CUSR0000SEFJ,"Meats, poultry, fish, eggs",216.11
2018-12-01,CUSR0000SEFJ,"Meats, poultry, fish, eggs",216.497
2019-01-01,CUSR0000SEFJ,"Meats, poultry, fish, eggs",216.466
2019-02-01,CUSR0000SEFJ,"Meats, poultry, fish, eggs",216.74
2019-03-01,CUSR0000SEFJ,"Meats, poultry, fish, eggs",217.596
2019-04-01,CUSR0000SEFJ,"Meats, poultry, fish, eggs",217.061
2019-05-01,CUSR0000SEFJ,"Meats, poultry, fish, eggs",217.79
2019-06-01,CUSR0000SEFJ,"Meats, poultry, fish, eggs",217.722
2019-07-01,CUSR0000SEFJ,"Meats, poultry, fish, eggs",217.968
2019-08-01,CUSR0000SEFJ,"Meats, poultry, fish, eggs",218.893
2019-09-01,CUSR0000SEFJ,"Meats, poultry, fish, eggs",219.515
2019-10-01,CUSR0000SEFJ,"Meats, poultry, fish, eggs",220.412
2019-11-01,CUSR0000SEFJ,"Meats, poultry, fish, eggs",221.926
2019-12-01,CUSR0000SEFJ,"Meats, poultry, fish, eggs",222.033
2020-01-01,CUSR0000SEFJ,"Meats, poultry, fish, eggs",223.035
2020-02-01,CUSR0000SEFJ,"Meats, poultry, fish, eggs",224.443
2020-03-01,CUSR0000SEFJ,"Meats, poultry, fish, eggs",225.627
2020-04-01,CUSR0000SEFJ,"Meats, poultry, fish, eggs",228.755
2020-05-01,CUSR0000SEFJ,"Meats, poultry, fish, eggs",230.166
2020-06-01,CUSR0000SEFJ,"Meats, poultry, fish, eggs",228.437
2020-07-01,CUSR0000SEFJ,"Meats, poultry, fish, eggs",227.114
2020-08-01,CUSR0000SEFJ,"Meats, poultry, fish, eggs",231.231
2020-09-01,CUSR0000SEFJ,"Meats, poultry, fish, eggs",230.656
2020-10-01,CUSR0000SEFJ,"Meats, poultry, fish, eggs",229.155
2020-11-01,CUSR0000SEFJ,"Meats, poultry, fish, eggs",229.503
2020-12-01,CUSR0000SEFJ,"Meats, poultry, fish, eggs",231.74
2021-01-01,CUSR0000SEFJ,"Meats, poultry, fish, eggs",231.546
2021-02-01,CUSR0000SEFJ,"Meats, poultry, fish, eggs",230.452
2021-03-01,CUSR0000SEFJ,"Meats, poultry, fish, eggs",229.249
2021-04-01,CUSR0000SEFJ,"Meats, poultry, fish, eggs",230.17
2021-05-01,CUSR0000SEFJ,"Meats, poultry, fish, eggs",230.38
2021-06-01,CUSR0000SEFJ,"Meats, poultry, fish, eggs",230.152
2021-07-01,CUSR0000SEFJ,"Meats, poultry, fish, eggs",231.233
2021-08-01,CUSR0000SEFJ,"Meats, poultry, fish, eggs",230.145
2021-09-01,CUSR0000SEFJ,"Meats, poultry, fish, eggs",231.973
2021-10-01,CUSR0000SEFJ,"Meats, poultry, fish, eggs",233.168
2021-11-01,CUSR0000SEFJ,"Meats, poultry, fish, eggs",233.157
2021-12-01,CUSR0000SEFJ,"Meats, poultry, fish, eggs",235.442
2022-01-01,CUSR0000SEFJ,"Meats, poultry, fish, eggs",238.675
2022-02-01,CUSR0000SEFJ,"Meats, poultry, fish, eggs",242.386
2022-03-01,CUSR0000SEFJ,"Meats, poultry, fish, eggs",245.258
2022-04-01,CUSR0000SEFJ,"Meats, poultry, fish, eggs",251.03
2022-05-01,CUSR0000SEFJ,"Meats, poultry, fish, eggs",257.678
2022-06-01,CUSR0000SEFJ,"Meats, poultry, fish, eggs",261.255
2022-07-01,CUSR0000SEFJ,"Meats, poultry, fish, eggs",265.638
2022-08-01,CUSR0000SEFJ,"Meats, poultry, fish, eggs",267.461
2022-09-01,CUSR0000SEFJ,"Meats, poultry, fish, eggs",268.793
2022-10-01,CUSR0000SEFJ,"Meats, poultry, fish, eggs",269.355
2022-11-01,CUSR0000SEFJ,"Meats, poultry, fish, eggs",271.307
2022-12-01,CUSR0000SEFJ,"Meats, poultry, fish, eggs",271.376
2023-01-01,CUSR0000SEFJ,"Meats, poultry, fish, eggs",272.04
2023-02-01,CUSR0000SEFJ,"Meats, poultry, fish, eggs",272.271
2023-03-01,CUSR0000SEFJ,"Meats, poultry, fish, eggs",271.384
2023-04-01,CUSR0000SEFJ,"Meats, poultry, fish, eggs",271.102
2023-05-01,CUSR0000SEFJ,"Meats, poultry, fish, eggs",269.573
2023-06-01,CUSR0000SEFJ,"Meats, poultry, fish, eggs",268.338
2023-07-01,CUSR0000SEFJ,"Meats, poultry, fish, eggs",269.143
2023-08-01,CUSR0000SEFJ,"Meats, poultry, fish, eggs",268.281
2023-09-01,CUSR0000SEFJ,"Meats, poultry, fish, eggs",268.377
2023-10-01,CUSR0000SEFJ,"Meats, poultry, fish, eggs",268.326
2023-11-01,CUSR0000SEFJ,"Meats, poultry, fish, eggs",267.609
2023-12-01,CUSR0000SEFJ,"Meats, poultry, fish, eggs",267.889
2024-01-01,CUSR0000SEFJ,"Meats, poultry, fish, eggs",268.941
2024-02-01,CUSR0000SEFJ,"Meats, poultry, fish, eggs",267.334
2024-03-01,CUSR0000SEFJ,"Meats, poultry, fish, eggs",266.274
2024-04-01,CUSR0000SEFJ,"Meats, poultry, fish, eggs",267.474
2024-05-01,CUSR0000SEFJ,"Meats, poultry, fish, eggs",266.749
2024-06-01,CUSR0000SEFJ,"Meats, poultry, fish, eggs",268.098
2024-07-01,CUSR0000SEFJ,"Meats, poultry, fish, eggs",268.653
2024-08-01,CUSR0000SEFJ,"Meats, poultry, fish, eggs",269.468
2024-09-01,CUSR0000SEFJ,"Meats, poultry, fish, eggs",269.643
2024-10-01,CUSR0000SEFJ,"Meats, poultry, fish, eggs",271.695
2024-11-01,CUSR0000SEFJ,"Meats, poultry, fish, eggs",270.819
2024-12-01,CUSR0000SEFJ,"Meats, poultry, fish, eggs",271.358
2015-01-01,CUSR0000SEFH,Nonalcoholic beverages,253.463
2015-02-01,CUSR0000SEFH,Nonalcoholic beverages,254.909
2015-03-01,CUSR0000SEFH,Nonalcoholic beverages,256.09
2015-04-01,CUSR0000SEFH,Nonalcoholic beverages,249.813
2015-05-01,CUSR0000SEFH,Nonalcoholic beverages,253.155
2015-06-01,CUSR0000SEFH,Nonalcoholic beverages,299.516
2015-07-01,CUSR0000SEFH,Nonalcoholic beverages,304.797
2015-08-01,CUSR0000SEFH,Nonalcoholic beverages,330.449
2015-09-01,CUSR0000SEFH,Nonalcoholic beverages,328.556
2015-10-01,CUSR0000SEFH,Nonalcoholic beverages,312.396
2015-11-01,CUSR0000SEFH,Nonalcoholic beverages,303.374
2015-12-01,CUSR0000SEFH,Nonalcoholic beverages,291.865
2016-01-01,CUSR0000SEFH,Nonalcoholic beverages,270.769
2016-02-01,CUSR0000SEFH,Nonalcoholic beverages,268.38
2016-03-01,CUSR0000SEFH,Nonalcoholic beverages,256.622
2016-04-01,CUSR0000SEFH,Nonalcoholic beverages,239.754
2016-05-01,CUSR0000SEFH,Nonalcoholic beverages,231.176
2016-06-01,CUSR0000SEFH,Nonalcoholic beverages,219.598
2016-07-01,CUSR0000SEFH,Nonalcoholic beverages,216.426
2016-08-01,CUSR0000SEFH,Nonalcoholic beverages,206.522
2016-09-01,CUSR0000SEFH,Nonalcoholic beverages,205.808
2016-10-01,CUSR0000SEFH,Nonalcoholic beverages,201.55
2016-11-01,CUSR0000SEFH,Nonalcoholic beverages,203.283
2016-12-01,CUSR0000SEFH,Nonalcoholic beverages,193.73
2017-01-01,CUSR0000SEFH,Nonalcoholic beverages,220.813
2017-02-01,CUSR0000SEFH,Nonalcoholic beverages,209.845
2017-03-01,CUSR0000SEFH,Nonalcoholic beverages,202.193
2017-04-01,CUSR0000SEFH,Nonalcoholic beverages,202.723
2017-05-01,CUSR0000SEFH,Nonalcoholic beverages,193.459
2017-06-01,CUSR0000SEFH,Nonalcoholic beverages,191.313
2017-07-01,CUSR0000SEFH,Nonalcoholic beverages,191.698
2017-08-01,CUSR0000SEFH,Nonalcoholic beverages,194.898
2017-09-01,CUSR0000SEFH,Nonalcoholic beverages,200.45
2017-10-01,CUSR0000SEFH,Nonalcoholic beverages,211.314
2017-11-01,CUSR0000SEFH,Nonalcoholic beverages,209.723
2017-12-01,CUSR0000SEFH,Nonalcoholic beverages,225.02
2018-01-01,CUSR0000SEFH,Nonalcoholic beverages,226.224
2018-02-01,CUSR0000SEFH,Nonalcoholic beverages,231.965
2018-03-01,CUSR0000SEFH,Nonalcoholic beverages,235.107
2018-04-01,CUSR0000SEFH,Nonalcoholic beverages,249.78
2018-05-01,CUSR0000SEFH,Nonalcoholic beverages,235.201
2018-06-01,CUSR0000SEFH,Nonalcoholic beverages,218.292
2018-07-01,CUSR0000SEFH,Nonalcoholic beverages,223.775
2018-08-01,CUSR0000SEFH,Nonalcoholic beverages,223.5
2018-09-01,CUSR0000SEFH,Nonalcoholic beverages,220.666
2018-10-01,CUSR0000SEFH,Nonalcoholic beverages,217.297
2018-11-01,CUSR0000SEFH,Nonalcoholic beverages,217.225
2018-12-01,CUSR0000SEFH,Nonalcoholic beverages,220.112
2019-01-01,CUSR0000SEFH,Nonalcoholic beverages,214.903
2019-02-01,CUSR0000SEFH,Nonalcoholic beverages,209.915
2019-03-01,CUSR0000SEFH,Nonalcoholic beverages,211.885
2019-04-01,CUSR0000SEFH,Nonalcoholic beverages,201.504
2019-05-01,CUSR0000SEFH,Nonalcoholic beverages,196.721
2019-06-01,CUSR0000SEFH,Nonalcoholic beverages,196.335
2019-07-01,CUSR0000SEFH,Nonalcoholic beverages,198.269
2019-08-01,CUSR0000SEFH,Nonalcoholic beverages,195.508
2019-09-01,CUSR0000SEFH,Nonalcoholic beverages,206.572
2019-10-01,CUSR0000SEFH,Nonalcoholic beverages,201.149
2019-11-01,CUSR0000SEFH,Nonalcoholic beverages,202.706
2019-12-01,CUSR0000SEFH,Nonalcoholic beverages,208.83
2020-01-01,CUSR0000SEFH,Nonalcoholic beverages,205.427
2020-02-01,CUSR0000SEFH,Nonalcoholic beverages,201.498
2020-03-01,CUSR0000SEFH,Nonalcoholic beverages,209.867
2020-04-01,CUSR0000SEFH,Nonalcoholic beverages,233.596
2020-05-01,CUSR0000SEFH,Nonalcoholic beverages,223.01
2020-06-01,CUSR0000SEFH,Nonalcoholic beverages,219.387
2020-07-01,CUSR0000SEFH,Nonalcoholic beverages,213.15
2020-08-01,CUSR0000SEFH,Nonalcoholic beverages,210.109
2020-09-01,CUSR0000SEFH,Nonalcoholic beverages,207.595
2020-10-01,CUSR0000SEFH,Nonalcoholic beverages,209.686
2020-11-01,CUSR0000SEFH,Nonalcoholic beverages,212.313
2020-12-01,CUSR0000SEFH,Nonalcoholic beverages,204.502
2021-01-01,CUSR0000SEFH,Nonalcoholic beverages,205.991
2021-02-01,CUSR0000SEFH,Nonalcoholic beverages,209.044
2021-03-01,CUSR0000SEFH,Nonalcoholic beverages,220.192
2021-04-01,CUSR0000SEFH,Nonalcoholic beverages,213.45
2021-05-01,CUSR0000SEFH,Nonalcoholic beverages,215.973
2021-06-01,CUSR0000SEFH,Nonalcoholic beverages,222.901
2021-07-01,CUSR0000SEFH,Nonalcoholic beverages,225.774
2021-08-01,CUSR0000SEFH,Nonalcoholic beverages,231.122
2021-09-01,CUSR0000SEFH,Nonalcoholic beverages,233.597
2021-10-01,CUSR0000SEFH,Nonalcoholic beverages,234.632
2021-11-01,CUSR0000SEFH,Nonalcoholic beverages,229.359
2021-12-01,CUSR0000SEFH,Nonalcoholic beverages,225.647
2022-01-01,CUSR0000SEFH,Nonalcoholic beverages,231.429
2022-02-01,CUSR0000SEFH,Nonalcoholic beverages,231.065
2022-03-01,CUSR0000SEFH,Nonalcoholic beverages,244.703
2022-04-01,CUSR0000SEFH,Nonalcoholic beverages,262.462
2022-05-01,CUSR0000SEFH,Nonalcoholic beverages,287.781
2022-06-01,CUSR0000SEFH,Nonalcoholic beverages,299.054
2022-07-01,CUSR0000SEFH,Nonalcoholic beverages,312.616
2022-08-01,CUSR0000SEFH,Nonalcoholic beverages,323.39
2022-09-01,CUSR0000SEFH,Nonalcoholic beverages,304.335
2022-10-01,CUSR0000SEFH,Nonalcoholic beverages,335.968
2022-11-01,CUSR0000SEFH,Nonalcoholic beverages,342.381
2022-12-01,CUSR0000SEFH,Nonalcoholic beverages,358.003
2023-01-01,CUSR0000SEFH,Nonalcoholic beverages,390.642
2023-02-01,CUSR0000SEFH,Nonalcoholic beverages,357.239
2023-03-01,CUSR0000SEFH,Nonalcoholic beverages,332.462
2023-04-01,CUSR0000SEFH,Nonalcoholic beverages,319.233
2023-05-01,CUSR0000SEFH,Nonalcoholic beverages,288.546
2023-06-01,CUSR0000SEFH,Nonalcoholic beverages,277.573
2023-07-01,CUSR0000SEFH,Nonalcoholic beverages,270.872
2023-08-01,CUSR0000SEFH,Nonalcoholic beverages,264.647
2023-09-01,CUSR0000SEFH,Nonalcoholic beverages,260.003
2023-10-01,CUSR0000SEFH,Nonalcoholic beverages,261.79
2023-11-01,CUSR0000SEFH,Nonalcoholic beverages,266.189
2023-12-01,CUSR0000SEFH,Nonalcoholic beverages,270.888
2024-01-01,CUSR0000SEFH,Nonalcoholic beverages,277.74
2024-02-01,CUSR0000SEFH,Nonalcoholic beverages,295.598
2024-03-01,CUSR0000SEFH,Nonalcoholic beverages,309.812
2024-04-01,CUSR0000SEFH,Nonalcoholic beverages,290.682
2024-05-01,CUSR0000SEFH,Nonalcoholic beverages,298.519
2024-06-01,CUSR0000SEFH,Nonalcoholic beverages,307.274
2024-07-01,CUSR0000SEFH,Nonalcoholic beverages,322.975
2024-08-01,CUSR0000SEFH,Nonalcoholic beverages,338.998
2024-09-01,CUSR0000SEFH,Nonalcoholic beverages,362.577
2024-10-01,CUSR0000SEFH,Nonalcoholic beverages,341.531
2024-11-01,CUSR0000SEFH,Nonalcoholic beverages,366.291
2024-12-01,CUSR0000SEFH,Nonalcoholic beverages,368.73
2015-01-01,CUSR0000SEFW,Other foods,196.84
2015-02-01,CUSR0000SEFW,Other foods,196.915
2015-03-01,CUSR0000SEFW,Other foods,197.113
2015-04-01,CUSR0000SEFW,Other foods,196.831
2015-05-01,CUSR0000SEFW,Other foods,197.283
2015-06-01,CUSR0000SEFW,Other foods,196.94
2015-07-01,CUSR0000SEFW,Other foods,197.17
2015-08-01,CUSR0000SEFW,Other foods,197.426
2015-09-01,CUSR0000SEFW,Other foods,196.977
2015-10-01,CUSR0000SEFW,Other foods,198.169
2015-11-01,CUSR0000SEFW,Other foods,198.045
2015-12-01,CUSR0000SEFW,Other foods,197.561
2016-01-01,CUSR0000SEFW,Other foods,198.847
2016-02-01,CUSR0000SEFW,Other foods,199.188
2016-03-01,CUSR0000SEFW,Other foods,198.824
2016-04-01,CUSR0000SEFW,Other foods,199.0
2016-05-01,CUSR0000SEFW,Other foods,198.984
2016-06-01,CUSR0000SEFW,Other foods,199.02
2016-07-01,CUSR0000SEFW,Other foods,198.958
2016-08-01,CUSR0000SEFW,Other foods,198.815
2016-09-01,CUSR0000SEFW,Other foods,198.923
2016-10-01,CUSR0000SEFW,Other foods,199.173
2016-11-01,CUSR0000SEFW,Other foods,198.799
2016-12-01,CUSR0000SEFW,Other foods,199.18
2017-01-01,CUSR0000SEFW,Other foods,200.164
2017-02-01,CUSR0000SEFW,Other foods,199.632
2017-03-01,CUSR0000SEFW,Other foods,199.855
2017-04-01,CUSR0000SEFW,Other foods,200.612
2017-05-01,CUSR0000SEFW,Other foods,199.576
2017-06-01,CUSR0000SEFW,Other foods,199.179
2017-07-01,CUSR0000SEFW,Other foods,199.743
2017-08-01,CUSR0000SEFW,Other foods,199.92
2017-09-01,CUSR0000SEFW,Other foods,200.633
2017-10-01,CUSR0000SEFW,Other foods,201.027
2017-11-01,CUSR0000SEFW,Other foods,201.57
2017-12-01,CUSR0000SEFW,Other foods,201.709
2018-01-01,CUSR0000SEFW,Other foods,201.299
2018-02-01,CUSR0000SEFW,Other foods,201.698
2018-03-01,CUSR0000SEFW,Other foods,201.687
2018-04-01,CUSR0000SEFW,Other foods,201.946
2018-05-01,CUSR0000SEFW,Other foods,201.764
2018-06-01,CUSR0000SEFW,Other foods,202.285
2018-07-01,CUSR0000SEFW,Other foods,202.125
2018-08-01,CUSR0000SEFW,Other foods,202.036
2018-09-01,CUSR0000SEFW,Other foods,203.018
2018-10-01,CUSR0000SEFW,Other foods,203.435
2018-11-01,CUSR0000SEFW,Other foods,204.136
2018-12-01,CUSR0000SEFW,Other foods,204.695
2019-01-01,CUSR0000SEFW,Other foods,205.059
2019-02-01,CUSR0000SEFW,Other foods,205.947
2019-03-01,CUSR0000SEFW,Other foods,204.958
2019-04-01,CUSR0000SEFW,Other foods,204.031
2019-05-01,CUSR0000SEFW,Other foods,205.369
2019-06-01,CUSR0000SEFW,Other foods,205.598
2019-07-01,CUSR0000SEFW,Other foods,206.224
2019-08-01,CUSR0000SEFW,Other foods,206.659
2019-09-01,CUSR0000SEFW,Other foods,206.12
2019-10-01,CUSR0000SEFW,Other foods,205.786
2019-11-01,CUSR0000SEFW,Other foods,205.02
2019-12-01,CUSR0000SEFW,Other foods,205.115
2020-01-01,CUSR0000SEFW,Other foods,206.014
2020-02-01,CUSR0000SEFW,Other foods,206.774
2020-03-01,CUSR0000SEFW,Other foods,207.917
2020-04-01,CUSR0000SEFW,Other foods,208.853
2020-05-01,CUSR0000SEFW,Other foods,209.458
2020-06-01,CUSR0000SEFW,Other foods,209.222
2020-07-01,CUSR0000SEFW,Other foods,209.471
2020-08-01,CUSR0000SEFW,Other foods,209.262
2020-09-01,CUSR0000SEFW,Other foods,209.015
2020-10-01,CUSR0000SEFW,Other foods,210.209
2020-11-01,CUSR0000SEFW,Other foods,210.976
2020-12-01,CUSR0000SEFW,Other foods,211.003
2021-01-01,CUSR0000SEFW,Other foods,210.914
2021-02-01,CUSR0000SEFW,Other foods,210.432
2021-03-01,CUSR0000SEFW,Other foods,210.96
2021-04-01,CUSR0000SEFW,Other foods,211.134
2021-05-01,CUSR0000SEFW,Other foods,211.938
2021-06-01,CUSR0000SEFW,Other foods,212.638
2021-07-01,CUSR0000SEFW,Other foods,213.136
2021-08-01,CUSR0000SEFW,Other foods,213.86
2021-09-01,CUSR0000SEFW,Other foods,213.98
2021-10-01,CUSR0000SEFW,Other foods,213.399
2021-11-01,CUSR0000SEFW,Other foods,213.682
2021-12-01,CUSR0000SEFW,Other foods,213.576
2022-01-01,CUSR0000SEFW,Other foods,214.068
2022-02-01,CUSR0000SEFW,Other foods,215.762
2022-03-01,CUSR0000SEFW,Other foods,216.574
2022-04-01,CUSR0000SEFW,Other foods,217.197
2022-05-01,CUSR0000SEFW,Other foods,217.666
2022-06-01,CUSR0000SEFW,Other foods,218.737
2022-07-01,CUSR0000SEFW,Other foods,219.638
2022-08-01,CUSR0000SEFW,Other foods,220.711
2022-09-01,CUSR0000SEFW,Other foods,220.23
2022-10-01,CUSR0000SEFW,Other foods,221.446
2022-11-01,CUSR0000SEFW,Other foods,223.315
2022-12-01,CUSR0000SEFW,Other foods,224.841
2023-01-01,CUSR0000SEFW,Other foods,225.372
2023-02-01,CUSR0000SEFW,Other foods,225.024
2023-03-01,CUSR0000SEFW,Other foods,224.974
2023-04-01,CUSR0000SEFW,Other foods,225.14
2023-05-01,CUSR0000SEFW,Other foods,226.072
2023-06-01,CUSR0000SEFW,Other foods,225.688
2023-07-01,CUSR0000SEFW,Other foods,225.608
2023-08-01,CUSR0000SEFW,Other foods,225.949
2023-09-01,CUSR0000SEFW,Other foods,226.652
2023-10-01,CUSR0000SEFW,Other foods,227.372
2023-11-01,CUSR0000SEFW,Other foods,226.653
2023-12-01,CUSR0000SEFW,Other foods,227.542
2024-01-01,CUSR0000SEFW,Other foods,228.114
2024-02-01,CUSR0000SEFW,Other foods,229.119
2024-03-01,CUSR0000SEFW,Other foods,228.767
2024-04-01,CUSR0000SEFW,Other foods,228.725
2024-05-01,CUSR0000SEFW,Other foods,229.235
2024-06-01,CUSR0000SEFW,Other foods,229.527
2024-07-01,CUSR0000SEFW,Other foods,229.992
2024-08-01,CUSR0000SEFW,Other foods,230.143
2024-09-01,CUSR0000SEFW,Other foods,230.211
2024-10-01,CUSR0000SEFW,Other foods,229.83
2024-11-01,CUSR0000SEFW,Other foods,229.105
2024-12-01,CUSR0000SEFW,Other foods,229.766
